Losing Starting Pitchers,Losing Closing Pitchers,Losing Opp,Losing Starting Pitchers Full,Losing Closing Pitchers Full,Losing SP Avg FB Velocity,Losing CP Avg FB Velocity
Brock Burke,Emilio Pagán,CIN,Brock Burke,Emilio Pagán,96.20929752066115,94.89479905437352
Lance McCullers Jr.,,HOU,Lance McCullers Jr.,,,
Hunter Brown,Cody Bolton,HOU,Hunter Brown,Cody Bolton,96.18745704467354,94.8252252252252
Mike Burrows,Bryan Abreu,HOU,Mike Burrows,Bryan Abreu,94.96577181208053,95.77936507936508
Adrián Morejón,Mason Miller,SDP,Adrián Morejón,Mason Miller,99.25851063829786,101.45185185185184
Jeremiah Estrada,Mason Miller,SDP,Jeremiah Estrada,Mason Miller,95.86120401337793,101.45185185185184
Aaron Ashby,Angel Zerpa,MIL,Aaron Ashby,Angel Zerpa,97.29285714285716,95.39090909090909
Dustin May,Riley O'Brien,STL,Dustin May,Riley O'Brien,96.90991596638655,97.72887096774194
Bailey Ober,,MIN,Bailey Ober,,88.03939393939395,
Mick Abel,,MIN,Mick Abel,,94.82614379084968,
Tarik Skubal,Kenley Jansen,DET,Tarik Skubal,Kenley Jansen,96.78950892857142,93.88979591836735
Framber Valdez,,DET,Framber Valdez,,94.7451923076923,
Luis Gil,,NYY,Luis Gil,,95.300395256917,
Max Fried,,NYY,Max Fried,,94.87875,
Cam Schlittler,David Bednar,NYY,Cam Schlittler,David Bednar,98.04700070571629,96.09854166666668
Brandon Young,,BAL,Brandon Young,,94.38984220907298,
Trey Yesavage,Louis Varland,TOR,Trey Yesavage,Louis Varland,94.24768824306473,98.80648330058939
Braydon Fisher,,TOR,Braydon Fisher,,94.3170731707317,
Spencer Arrighetti,Bryan King,HOU,Spencer Arrighetti,Bryan King,92.40457875457875,92.01495798319327
Bryan Abreu,,HOU,Bryan Abreu,,95.77936507936508,
Hunter Bigge,,TBR,Hunter Bigge,,96.50243902439024,
Nick Martinez,Bryan Baker,TBR,Nick Martinez,Bryan Baker,,96.30541586073501
Zack Wheeler,Jhoan Duran,PHI,Zack Wheeler,Jhoan Duran,95.21917525773196,
Brad Keller,Jhoan Duran,PHI,Brad Keller,Jhoan Duran,96.97941176470589,
Grant Holmes,,ATL,Grant Holmes,,94.22289512555392,
Travis Adams,Anthony Banda,MIN,Travis Adams,Anthony Banda,94.44069264069262,94.62955974842767
Taj Bradley,Taylor Rogers,MIN,Taj Bradley,Taylor Rogers,97.17589413447782,92.0591836734694
Bailey Ober,Travis Adams,MIN,Bailey Ober,Travis Adams,88.03939393939395,94.44069264069262
Spencer Strider,Raisel Iglesias,ATL,Spencer Strider,Raisel Iglesias,95.1322188449848,94.3427299703264
Chris Sale,,ATL,Chris Sale,,96.16575591985428,
Colin Holderman,Cade Smith,CLE,Colin Holderman,Cade Smith,96.97749999999999,97.47908745247149
Shane Baz,Rico Garcia,BAL,Shane Baz,Rico Garcia,95.84128902316213,95.4060606060606
Trevor Rogers,,BAL,Trevor Rogers,,93.82337559429477,
Tim Hill,,NYY,Tim Hill,,89.1918367346939,
Casey Legumina,Bryan Baker,TBR,Casey Legumina,Bryan Baker,92.97489626556018,96.30541586073501
Nick Martinez,Bryan Baker,TBR,Nick Martinez,Bryan Baker,,96.30541586073501
Drew Rasmussen,Garrett Cleavinger,TBR,Drew Rasmussen,Garrett Cleavinger,95.84322147651007,96.5575221238938
Nathan Eovaldi,Jacob Latz,TEX,Nathan Eovaldi,Jacob Latz,94.35439739413681,94.80159489633172
Dylan Cease,Louis Varland,TOR,Dylan Cease,Louis Varland,96.81802054154996,98.80648330058939
Simeon Woods Richardson,Louis Varland,TOR,Simeon Woods Richardson,Louis Varland,,98.80648330058939
Tommy Nance,Mason Fluharty,TOR,Tommy Nance,Mason Fluharty,94.63333333333333,
Logan Gilbert,Andrés Muñoz,SEA,Logan Gilbert,Andrés Muñoz,96.37169334456613,99.77701711491441
Antonio Senzatela,Jimmy Herget,COL,Antonio Senzatela,Jimmy Herget,97.33455056179777,92.0620253164557
Cade Cavalli,,WSN,Cade Cavalli,,96.83421926910299,
Andrew Alvarez,,WSN,Andrew Alvarez,,92.24721689059501,
Kyle Bradish,,BAL,Kyle Bradish,,94.18161434977578,
Dylan Cease,,TOR,Dylan Cease,,96.81802054154996,
Gage Jump,Hogan Harris,ATH,Gage Jump,Hogan Harris,96.26342364532019,95.22530413625304
Gage Jump,Hogan Harris,ATH,Gage Jump,Hogan Harris,96.26342364532019,95.22530413625304
Elvis Alvarado,Hogan Harris,ATH,Elvis Alvarado,Hogan Harris,98.70516014234876,95.22530413625304
Simeon Woods Richardson,Louis Varland,TOR,Simeon Woods Richardson,Louis Varland,,98.80648330058939
Chase Lee,Spencer Miles,TOR,Chase Lee,Spencer Miles,90.14615384615384,96.03999999999999
Tyler Rogers,Louis Varland,TOR,Tyler Rogers,Louis Varland,83.22406209573091,98.80648330058939
Bubba Chandler,Mason Montgomery,PIT,Bubba Chandler,Mason Montgomery,98.2621247113164,98.46365313653138
Kirby Yates,,PIT,Kirby Yates,,90.79224318658281,
Jonathan Loaisiga,,ARI,Jonathan Loaisiga,,,
Ryan Gusto,,MIA,Ryan Gusto,,94.6807785888078,
Cam Schlittler,David Bednar,NYY,Cam Schlittler,David Bednar,98.04700070571629,96.09854166666668
Paul Blackburn,,NYY,Paul Blackburn,,94.70000000000002,
Will Warren,,NYY,Will Warren,,93.754708994709,
Bryan Woo,,SEA,Bryan Woo,,96.07958697378872,
Cooper Criswell,,SEA,Cooper Criswell,,90.61777777777777,
Reid Detmers,,LAA,Reid Detmers,,94.05324483775811,
Ryan Johnson,Ben Joyce,LAA,Ryan Johnson,Ben Joyce,92.41438356164383,100.99712643678161
Seth Lugo,Steven Cruz,KCR,Seth Lugo,Steven Cruz,91.65641025641025,98.48298279158699
Jacob deGrom,Jacob Latz,TEX,Jacob deGrom,Jacob Latz,97.33576388888889,94.80159489633172
Nathan Eovaldi,,TEX,Nathan Eovaldi,,94.35439739413681,
Griffin Jax,,TBR,Griffin Jax,,95.89711538461539,
Hunter Gaddis,Cade Smith,CLE,Hunter Gaddis,Cade Smith,95.14724137931033,97.47908745247149
Joey Cantillo,Cade Smith,CLE,Joey Cantillo,Cade Smith,92.21788888888888,97.47908745247149
Braxton Garrett,Colin Rea,CHC,Braxton Garrett,Colin Rea,91.54864864864864,93.84445628997868
