Winning Starting Pitchers,Winning Tm,Winning Starting Pitchers Full,Winning SP Avg FB Velocity
Pierce Johnson,BOS,Pierce Johnson,95.75625000000001
Michael King,BOS,Michael King,
Jacob Misiorowski,BOS,Jacob Misiorowski,100.58783542039356
Shane Drohan,BOS,Shane Drohan,94.88859813084112
Kyle Leahy,BOS,Kyle Leahy,94.25322314049588
Andre Pallante,BOS,Andre Pallante,95.2079822616408
Simeon Woods Richardson,BOS,Simeon Woods Richardson,
Tyler Holton,BOS,Tyler Holton,91.51398601398601
Trevor Rogers,BOS,Trevor Rogers,93.82337559429477
Kyle Bradish,BOS,Kyle Bradish,94.18161434977578
Dylan Cease,BOS,Dylan Cease,96.81802054154996
Mike Burrows,BOS,Mike Burrows,94.96577181208053
Ricky Vanasco,BOS,Ricky Vanasco,93.73333333333332
Framber Valdez,BOS,Framber Valdez,94.7451923076923
Jack Flaherty,BOS,Jack Flaherty,92.70575980392158
Jesse Scholtens,BOS,Jesse Scholtens,93.14329268292683
Tanner Banks,BOS,Tanner Banks,91.97163120567376
Bryce Elder,BOS,Bryce Elder,92.4311507936508
Seth Lugo,BOS,Seth Lugo,91.65641025641025
Bailey Falter,BOS,Bailey Falter,92.27833333333334
Steven Cruz,BOS,Steven Cruz,98.48298279158699
Bryce Elder,BOS,Bryce Elder,92.4311507936508
Matt Festa,BOS,Matt Festa,92.68029465930019
Colin Holderman,BOS,Colin Holderman,96.97749999999999
Chris Bassitt,BOS,Chris Bassitt,92.51007194244606
Ryan Weathers,BOS,Ryan Weathers,95.76758893280633
Jack Leiter,BOS,Jack Leiter,96.69200743494424
Cole Winn,BOS,Cole Winn,95.43815261044176
Bryce Miller,BOS,Bryce Miller,95.9534946236559
Emerson Hancock,BOS,Emerson Hancock,95.41061843640605
Sean Sullivan,BOS,Sean Sullivan,87.63227513227513
Cam Schlittler,BOS,Cam Schlittler,98.04700070571629
Will Warren,BOS,Will Warren,93.754708994709
Gerrit Cole,BOS,Gerrit Cole,96.79460317460317
Miles Mikolas,BOS,Miles Mikolas,93.20555555555555
Reid Detmers,BOS,Reid Detmers,94.05324483775811
Sam Aldegheri,BOS,Sam Aldegheri,92.09027777777777
Ryan Johnson,BOS,Ryan Johnson,92.41438356164383
Noah Schultz,BOS,Noah Schultz,95.25656934306569
Davis Martin,BOS,Davis Martin,93.87001620745544
Anthony Kay,BOS,Anthony Kay,95.89850746268657
Nolan McLean,BOS,Nolan McLean,96.04042553191489
Freddy Peralta,BOS,Freddy Peralta,94.34604591836735
Brooks Raley,BOS,Brooks Raley,90.30655737704919
Griffin Jax,BOS,Griffin Jax,95.89711538461539
Mason Englert,BOS,Mason Englert,92.77304347826085
Garrett Cleavinger,BOS,Garrett Cleavinger,96.5575221238938
Shane McClanahan,BOS,Shane McClanahan,95.60752840909093
Tyler Wells,BOS,Tyler Wells,93.419
Dean Kremer,BOS,Dean Kremer,92.77948051948051
CJ Van Eyk,BOS,CJ Van Eyk,
Kevin Gausman,BOS,Kevin Gausman,93.84045161290324
Jack Perkins,BOS,Jack Perkins,95.72767710049423
José Suarez,BOS,José Suarez,92.6868556701031
Luis Medina,BOS,Luis Medina,
Cole Irvin,BOS,Cole Irvin,90.78095238095237
Yoshinobu Yamamoto,BOS,Yoshinobu Yamamoto,96.08825174825175
Emmet Sheehan,BOS,Emmet Sheehan,94.3677033492823
Davis Martin,BOS,Davis Martin,93.87001620745544
Sean Burke,BOS,Sean Burke,94.7793607305936
Jack Perkins,BOS,Jack Perkins,95.72767710049423
Max Scherzer,BOS,Max Scherzer,92.94304347826086
Jared Jones,BOS,Jared Jones,98.21482939632546
Mitch Bratt,BOS,Mitch Bratt,90.96449704142012
Merrill Kelly,BOS,Merrill Kelly,92.13296244784424
Logan Webb,BOS,Logan Webb,92.26420118343195
Matt Wilkinson,BOS,Matt Wilkinson,90.42827004219409
Pete Fairbanks,BOS,Pete Fairbanks,97.20134048257374
Cade Gibson,BOS,Cade Gibson,91.9906976744186
Carlos Rodón,BOS,Carlos Rodón,94.34523449319214
Luis De León,BOS,Luis De León,
Shane Baz,BOS,Shane Baz,95.84128902316213
Chris Bassitt,BOS,Chris Bassitt,92.51007194244606
Kyle Bradish,BOS,Kyle Bradish,94.18161434977578
Grayson Rodriguez,BOS,Grayson Rodriguez,96.11082872928175
Randy Dobnak,BOS,Randy Dobnak,92.23114754098361
Craig Kimbrel,BOS,Craig Kimbrel,93.61653543307087
Jacob Latz,BOS,Jacob Latz,94.80159489633172
Ian Seymour,BOS,Ian Seymour,91.38987993138937
Foster Griffin,BOS,Foster Griffin,91.51859956236324
Aaron Civale,BOS,Aaron Civale,91.52295918367346
Javier Assad,BOS,Javier Assad,93.52916666666667
